codigo;jan;fev;mar;abr;mai;jun;jul;ago;set;out;nov;dez
SO01;54,0;55,5;50,4;43,4;34,2;33,8;35,1;39,3;41,9;48,2;52,5;54,3
SO02;50,8;37,0;41,9;35,2;28,2;26,6;29,1;-;36,7;-;48,7;45,0
SO03;258,4;237,0;202,3;186,0;176,1;156,3;160,1;175,4;182,7;206,2;260,2;278,3
SO05;88,2;87,4;89,8;80,0;67,6;58,6;74,8;78,1;82,3;85,6;92,4;94,5
SO06;321,9;275,2;313,9;176,7;186,3;167,4;189,4;207,2;233,1;242,5;239,9;318,8
SO07;237,1;233,2;214,5;190,5;161,0;139,4;136,5;174,1;209,5;194,0;227,4;222,8
SO08;68,3;70,0;71,2;64,7;50,4;41,9;46,1;55,1;60,0;65,6;72,1;84,5
SO09;147,8;127,8;139,4;113,0;103,2;83,5;90,3;104,8;103,9;113,6;132,3;-
SO10;76,2;77,7;69,1;62,3;52,0;43,7;46,9;54,8;57,0;69,4;75,4;71,8
SO11;35,7;-;31,3;27,7;-;20,5;17,7;28,0;26,6;29,9;32,1;36,1
SO12;164,5;157,5;149,1;132,8;110,7;97,6;101,6;125,7;134,0;141,5;136,7;157,7
